source_ip,dest_ip,protocol,size,flags,label
92.52.228.141,252.55.212.35,UDP,86,,benign
40.187.1.138,192.186.184.65,UDP,892,,benign
206.10.160.146,224.21.194.60,UDP,948,,benign
221.159.74.65,142.123.89.149,HTTP,923,,benign
28.143.206.160,66.124.176.253,UDP,817,,benign
60.217.17.84,119.99.147.243,HTTP,1472,,benign
87.68.136.49,84.66.168.107,TCP,1371,FIN,benign
167.166.121.112,249.94.40.111,TCP,903,PSH,benign
28.233.2.95,193.15.251.116,TCP,993,PSH,benign
210.124.136.101,185.146.47.175,TCP,1338,SYN,benign
225.49.177.111,242.137.7.58,HTTPS,900,,benign
38.78.39.174,182.229.26.158,HTTP,1423,,benign
241.6.208.126,246.91.226.112,TCP,323,PSH,benign
81.52.140.10,22.175.68.112,HTTPS,1297,,malicious
163.207.155.143,15.84.206.169,UDP,151,,benign
96.234.85.60,172.228.117.172,TCP,1296,SYN,benign
122.149.202.189,30.138.113.36,UDP,1207,,benign
168.131.38.146,146.41.16.185,HTTPS,889,,benign
253.235.77.93,200.14.230.83,UDP,577,,benign
112.74.167.42,57.186.250.58,HTTPS,788,,benign
25.208.41.136,115.25.82.239,UDP,1040,,benign
76.235.253.98,237.205.119.205,UDP,422,,benign
34.94.145.56,147.118.142.103,UDP,1137,,malicious
117.128.37.216,241.134.30.199,ICMP,117,,benign
96.245.235.167,44.113.1.174,HTTPS,1002,,benign
181.46.226.34,117.235.115.205,HTTPS,813,,benign
218.156.199.221,41.119.237.181,UDP,1477,,benign
240.225.95.25,66.17.104.157,TCP,1105,PSH,benign
220.154.157.139,74.220.234.161,UDP,1163,,benign
72.177.112.210,107.93.27.209,UDP,1263,,benign
41.254.77.73,67.255.99.164,HTTPS,1262,,benign
194.85.101.164,72.91.88.44,UDP,1375,,benign
81.201.215.149,95.100.106.126,HTTPS,1384,,benign
147.122.48.1,56.130.117.32,ICMP,79,,benign
158.250.66.11,140.49.250.164,ICMP,115,,benign
136.41.214.6,195.20.154.194,TCP,218,SYN,benign
101.80.7.226,65.233.204.179,UDP,512,,benign
244.8.143.201,128.68.48.95,TCP,171,PSH,benign
192.69.107.187,108.187.70.73,UDP,1167,,malicious
138.82.78.192,194.22.46.29,UDP,1389,,malicious
42.24.51.150,108.111.250.200,TCP,512,RST,benign
95.104.73.203,167.244.112.59,TCP,373,SYN,benign
209.61.153.45,94.68.176.87,ICMP,94,,benign
250.0.41.76,250.255.126.237,TCP,614,RST,benign
40.61.43.141,31.117.80.212,TCP,702,ACK,benign
22.128.188.67,32.44.61.104,TCP,350,PSH,benign
147.246.62.85,88.82.91.124,HTTP,1004,,benign
190.239.121.6,210.175.24.238,TCP,462,RST,benign
121.87.18.88,227.251.38.77,TCP,747,RST,benign
85.216.93.129,217.77.114.69,UDP,989,,benign
8.99.111.83,82.65.209.149,ICMP,78,,benign
252.194.254.199,150.210.9.150,TCP,953,ACK,benign
174.49.181.135,239.165.156.243,HTTP,657,,benign
16.32.107.169,43.86.156.49,TCP,827,ACK,benign
89.223.136.91,158.163.93.165,TCP,1415,FIN,benign
195.193.248.47,155.148.140.3,HTTP,769,,benign
209.23.176.221,70.206.73.234,HTTP,1397,,benign
76.56.208.243,114.119.45.231,TCP,106,RST,benign
173.234.230.120,4.61.29.79,HTTP,683,,benign
23.171.107.132,7.142.123.144,TCP,1383,SYN,malicious
177.169.230.47,209.210.140.33,TCP,1144,RST,benign
156.245.14.15,138.21.99.97,TCP,1057,PSH,benign
82.15.222.27,199.28.6.85,HTTPS,690,,benign
132.12.174.253,89.225.82.195,TCP,68,PSH,benign
119.236.81.92,211.0.93.29,ICMP,96,,benign
242.64.170.131,136.246.178.118,HTTPS,1030,,benign
249.52.40.36,162.236.130.160,HTTPS,1358,,benign
220.236.217.151,10.26.145.100,TCP,1018,FIN,benign
74.120.30.18,148.208.250.145,TCP,618,PSH,benign
158.33.246.141,114.175.174.4,UDP,1269,,benign
240.83.38.5,115.82.202.50,TCP,934,RST,benign
243.108.77.44,190.230.238.70,TCP,1370,ACK,malicious
95.87.149.124,23.16.102.19,HTTPS,549,,benign
77.172.197.18,115.61.221.17,TCP,1155,RST,benign
152.56.43.188,72.166.211.154,UDP,171,,benign
46.160.171.241,68.214.204.160,ICMP,124,,benign
240.73.234.196,59.140.31.237,ICMP,82,,benign
221.195.126.38,175.160.148.156,ICMP,89,,benign
69.123.18.84,97.172.44.165,UDP,1253,,benign
62.178.100.218,109.241.119.203,TCP,408,PSH,benign
209.118.179.151,27.20.171.106,HTTP,1313,,benign
12.77.153.24,182.227.118.93,TCP,1006,ACK,benign
19.159.65.183,81.187.66.16,UDP,932,,benign
167.12.138.100,103.106.77.235,HTTP,1336,,benign
237.48.225.130,72.171.186.69,TCP,1046,FIN,benign
134.74.213.145,32.88.191.198,HTTPS,1209,,benign
232.181.53.65,125.239.93.66,UDP,1267,,benign
216.53.5.71,129.29.126.159,UDP,1064,,benign
198.90.114.102,89.155.45.242,ICMP,103,,benign
186.73.40.19,199.129.108.120,UDP,308,,benign
24.19.23.253,185.181.252.115,TCP,730,SYN,benign
146.31.219.37,82.119.83.48,TCP,450,ACK,benign
153.3.95.198,66.45.150.147,TCP,245,PSH,benign
100.114.82.96,124.136.207.7,TCP,848,FIN,benign
79.220.226.251,75.135.91.82,TCP,1244,SYN,benign
104.172.54.7,70.254.205.141,UDP,597,,benign
13.146.45.203,218.164.69.240,UDP,1197,,benign
183.45.66.42,78.121.17.229,TCP,1429,SYN,benign
171.169.143.10,48.249.216.103,TCP,553,SYN,benign
100.68.231.9,137.117.138.74,UDP,1451,,benign
166.168.186.109,254.23.64.103,HTTP,1434,,benign
40.108.64.113,172.140.196.118,HTTP,1140,,benign
217.181.10.81,102.64.102.221,TCP,285,SYN,benign
19.243.124.232,108.26.247.144,TCP,821,ACK,benign
166.102.219.66,223.226.117.24,TCP,680,ACK,benign
13.170.8.41,54.49.64.8,ICMP,93,,benign
141.140.5.167,115.79.76.32,HTTPS,937,,benign
20.250.155.47,98.0.237.173,TCP,807,SYN,benign
195.154.224.71,20.67.126.7,ICMP,110,,benign
62.173.43.114,91.138.238.70,UDP,346,,benign
74.108.101.216,203.126.189.44,TCP,298,RST,benign
57.110.94.121,137.169.180.74,TCP,832,ACK,benign
148.191.167.0,125.8.77.221,UDP,1441,,benign
104.164.237.20,177.36.189.25,UDP,77,,benign
191.14.10.211,45.239.218.10,TCP,167,ACK,benign
104.232.239.117,233.205.133.10,TCP,1366,FIN,benign
249.71.247.221,209.162.119.95,UDP,122,,benign
50.158.111.244,141.167.49.228,UDP,424,,benign
46.17.140.38,245.161.178.51,UDP,1085,,benign
214.112.75.111,76.220.218.0,HTTPS,714,,benign
248.254.250.219,194.96.195.212,UDP,978,,benign
115.232.38.123,223.138.38.150,TCP,271,RST,benign
176.218.17.151,120.22.174.176,TCP,455,SYN,benign
219.214.241.104,49.146.199.87,UDP,101,,benign
210.248.16.46,147.194.246.232,HTTP,644,,benign
86.249.113.34,62.248.1.146,TCP,503,PSH,benign
65.77.63.30,101.22.208.184,TCP,924,PSH,benign
164.249.252.33,95.73.190.213,TCP,407,SYN,benign
107.140.3.218,85.84.81.200,TCP,1500,RST,malicious
56.148.164.255,160.3.195.244,HTTP,1286,,benign
156.42.75.192,106.166.140.176,TCP,320,SYN,benign
6.112.75.165,76.85.11.83,UDP,643,,benign
75.1.52.88,100.198.148.230,HTTPS,1059,,benign
19.95.62.192,34.182.171.233,TCP,632,RST,benign
62.39.247.129,74.115.32.33,UDP,1239,,malicious
223.77.42.57,144.213.84.95,ICMP,124,,benign
147.199.133.98,77.130.62.71,ICMP,96,,benign
222.52.198.154,101.157.205.167,TCP,245,ACK,benign
175.34.210.244,225.232.207.125,UDP,911,,benign
84.55.79.100,46.41.219.174,ICMP,70,,benign
56.210.215.37,255.44.127.42,UDP,701,,benign
144.249.7.172,254.177.177.232,TCP,234,SYN,benign
50.105.14.224,39.5.122.61,HTTP,1044,,benign
130.87.0.85,157.213.124.172,UDP,573,,benign
88.179.213.57,84.90.77.80,UDP,104,,benign
58.65.150.82,236.117.28.253,TCP,352,ACK,benign
158.0.36.21,3.216.246.97,UDP,76,,benign
108.48.132.155,180.160.46.107,TCP,1491,PSH,benign
46.82.54.217,85.182.149.139,HTTPS,1090,,malicious
135.84.59.123,157.241.234.6,TCP,439,FIN,benign
252.104.111.216,242.252.88.158,HTTPS,1162,,benign
222.20.253.144,152.63.119.239,UDP,1424,,benign
100.253.217.246,96.172.106.144,UDP,246,,benign
226.30.129.63,168.153.9.186,UDP,1434,,benign
17.100.49.121,77.153.179.221,UDP,1053,,benign
192.201.6.95,66.230.110.254,UDP,882,,benign
146.75.157.39,192.238.93.189,HTTP,751,,benign
221.78.229.195,132.248.252.143,HTTP,668,,benign
207.232.50.205,43.0.234.130,UDP,242,,benign
57.49.172.230,252.233.135.207,UDP,1204,,benign
180.4.14.115,133.127.245.87,HTTP,846,,benign
182.88.254.68,21.191.41.71,TCP,244,PSH,benign
9.30.42.132,28.119.219.183,TCP,1129,SYN,benign
125.243.63.248,212.89.108.221,UDP,287,,benign
159.86.205.192,236.243.132.210,ICMP,118,,benign
192.231.102.56,65.68.45.52,TCP,575,PSH,benign
147.156.191.255,147.172.137.12,TCP,1352,ACK,benign
249.134.86.177,36.28.20.111,TCP,1396,RST,malicious
170.28.200.84,175.99.153.41,UDP,936,,benign
117.74.212.65,15.75.201.99,HTTPS,1408,,benign
112.239.13.89,114.62.35.105,UDP,1194,,benign
7.223.15.57,103.102.35.152,UDP,263,,benign
175.223.126.63,20.208.65.12,UDP,1083,,benign
88.240.147.75,222.253.70.188,TCP,575,RST,benign
19.211.142.198,4.192.98.221,ICMP,65,,benign
185.41.238.152,77.135.158.65,TCP,193,SYN,benign
86.248.150.191,145.16.87.186,TCP,1497,PSH,malicious
186.86.57.9,116.132.76.7,ICMP,66,,benign
13.234.254.185,229.203.100.12,HTTP,1270,,benign
238.132.10.169,235.235.220.242,HTTP,1412,,benign
61.179.88.238,121.174.225.234,TCP,448,PSH,benign
249.118.74.22,36.183.141.159,TCP,1143,PSH,malicious
112.183.70.212,9.185.172.38,ICMP,74,,benign
21.180.77.47,40.14.248.34,HTTP,700,,benign
46.165.238.113,119.137.181.105,ICMP,89,,benign
131.93.95.137,201.198.166.37,ICMP,128,,benign
64.208.237.14,24.184.252.102,UDP,170,,benign
90.210.143.132,72.71.196.179,TCP,1090,FIN,benign
237.90.113.180,145.115.178.95,TCP,934,RST,benign
170.82.50.191,238.120.47.142,TCP,74,SYN,benign
221.240.137.15,50.163.12.57,TCP,612,FIN,benign
140.221.156.156,129.213.193.79,UDP,731,,benign
193.251.108.229,153.89.97.163,HTTP,1356,,benign
176.128.62.17,104.166.104.69,HTTP,869,,benign
133.203.89.29,190.250.211.130,TCP,91,SYN,benign
225.58.15.187,221.221.64.33,TCP,358,ACK,benign
188.246.3.238,9.34.23.43,HTTPS,1231,,benign
60.59.245.206,18.45.217.155,UDP,1393,,benign
75.143.106.9,153.45.223.212,TCP,1109,ACK,benign
141.182.229.118,47.249.145.59,UDP,1456,,benign
211.176.33.196,48.229.245.16,UDP,168,,benign
168.238.74.157,29.79.153.72,TCP,905,SYN,benign
205.193.24.81,229.125.72.118,TCP,471,PSH,benign
229.105.190.159,124.75.177.68,UDP,853,,benign
53.1.150.63,224.203.165.180,ICMP,117,,benign
76.221.111.219,50.63.186.161,ICMP,107,,benign
113.148.126.188,73.115.173.3,HTTPS,1484,,benign
92.78.219.179,87.122.210.75,TCP,1443,FIN,benign
3.79.230.178,76.50.244.211,UDP,627,,benign
51.72.11.158,97.217.129.142,UDP,437,,benign
140.109.161.68,9.9.223.147,UDP,1079,,benign
150.162.64.67,76.29.145.240,UDP,711,,benign
76.58.63.251,198.74.26.104,TCP,472,SYN,benign
54.139.139.39,23.175.137.59,ICMP,99,,benign
226.92.203.110,121.76.93.116,TCP,307,PSH,benign
19.103.134.75,14.120.124.235,TCP,1029,ACK,malicious
237.238.179.1,214.69.49.63,TCP,904,FIN,benign
194.59.210.177,174.208.220.64,UDP,396,,benign
76.179.50.81,78.137.235.137,TCP,1405,PSH,benign
235.245.37.136,105.64.214.135,TCP,502,RST,benign
221.186.48.178,195.185.2.5,TCP,877,RST,benign
122.76.225.84,194.108.208.65,UDP,1498,,benign
152.210.209.163,21.135.238.245,UDP,1133,,malicious
214.191.105.243,190.53.88.72,TCP,277,RST,benign
19.198.212.175,214.239.46.93,TCP,946,ACK,benign
90.93.160.245,164.24.142.149,UDP,486,,benign
83.98.178.7,24.101.115.72,UDP,1454,,benign
102.219.80.45,230.59.33.66,TCP,1427,SYN,benign
227.82.11.83,122.143.153.219,TCP,242,SYN,benign
65.222.104.138,150.171.137.13,UDP,1177,,malicious
190.205.145.98,109.52.156.168,UDP,1161,,malicious
153.214.0.21,68.210.11.2,TCP,425,FIN,benign
255.130.171.132,22.164.219.246,ICMP,114,,benign
170.66.1.152,126.73.64.250,TCP,488,ACK,benign
24.46.21.8,204.150.180.104,ICMP,114,,benign
214.26.194.62,187.3.54.49,UDP,1075,,malicious
24.157.249.49,142.227.154.213,HTTPS,1284,,benign
156.163.83.239,80.180.186.173,TCP,1461,PSH,benign
3.229.27.46,46.229.93.50,UDP,722,,benign
247.74.18.194,86.133.144.130,TCP,595,PSH,benign
164.215.11.10,149.195.156.128,HTTPS,1317,,benign
189.227.65.98,224.187.169.198,TCP,868,PSH,benign
131.224.25.183,212.172.220.204,TCP,377,PSH,benign
83.192.32.253,24.74.31.84,TCP,1065,PSH,benign
48.255.40.60,199.113.202.219,TCP,948,ACK,benign
224.53.162.105,215.166.206.49,UDP,1107,,benign
111.178.5.162,40.56.221.141,HTTPS,531,,benign
163.249.131.216,77.193.69.95,TCP,1389,RST,benign
90.114.206.180,243.231.55.227,HTTPS,544,,benign
36.51.104.10,117.136.82.27,TCP,782,SYN,benign
139.35.0.8,22.37.91.5,TCP,139,FIN,benign
153.152.43.231,48.99.38.62,UDP,241,,benign
125.204.101.105,79.245.240.88,HTTP,1193,,benign
225.173.38.66,121.42.76.136,TCP,934,FIN,benign
178.99.134.177,217.14.224.240,UDP,1171,,benign
32.158.47.236,157.135.60.49,TCP,938,FIN,benign
163.141.185.239,18.9.150.49,TCP,148,PSH,benign
116.133.99.7,37.222.105.171,UDP,830,,benign
31.220.31.107,54.11.221.43,UDP,781,,benign
75.79.187.117,148.10.251.151,ICMP,91,,benign
186.221.0.191,89.6.86.100,TCP,1400,RST,benign
10.161.60.201,197.216.192.70,UDP,142,,benign
21.201.119.79,40.114.84.44,TCP,513,ACK,benign
212.86.135.133,31.181.20.169,UDP,680,,benign
47.95.241.210,114.142.206.172,UDP,600,,benign
103.177.189.182,169.87.193.63,UDP,287,,benign
254.40.205.93,216.50.16.204,TCP,571,SYN,benign
204.146.153.254,107.184.85.162,TCP,257,FIN,benign
245.79.4.215,204.35.57.197,TCP,642,ACK,benign
88.46.213.125,40.96.168.147,UDP,1463,,benign
86.180.252.171,46.149.179.50,TCP,1143,RST,benign
55.110.30.37,109.84.43.80,UDP,1115,,benign
194.207.135.183,29.110.131.167,TCP,1298,PSH,benign
8.135.226.47,209.188.154.86,TCP,446,ACK,benign
73.66.127.175,179.214.224.186,TCP,1196,RST,benign
51.66.169.183,37.138.92.34,TCP,775,SYN,benign
209.42.200.111,3.66.48.230,TCP,183,ACK,benign
226.65.63.221,109.233.126.207,TCP,1494,RST,benign
64.162.199.249,213.73.207.169,UDP,466,,benign
41.84.109.183,152.196.55.194,TCP,441,RST,benign
210.185.93.242,153.43.143.247,HTTPS,889,,benign
137.177.5.222,190.87.112.175,HTTP,824,,benign
166.171.220.89,236.55.189.237,HTTP,1178,,malicious
99.169.15.244,43.197.132.231,HTTPS,726,,benign
226.78.29.79,220.129.252.213,HTTPS,724,,benign
214.205.65.214,103.236.55.91,UDP,1146,,benign
17.139.166.192,151.136.57.226,TCP,920,SYN,benign
70.203.78.117,44.157.78.83,TCP,1446,ACK,benign
165.254.220.172,70.178.81.207,UDP,678,,benign
67.28.76.186,43.213.182.154,UDP,1322,,benign
7.32.227.73,216.30.53.114,TCP,662,RST,benign
193.213.102.52,178.221.150.108,HTTPS,986,,benign
203.94.207.5,4.246.92.218,HTTP,1429,,benign
73.21.43.175,159.249.216.142,TCP,675,FIN,benign
72.82.71.132,10.167.36.80,HTTP,1013,,benign
55.155.17.157,27.151.209.87,UDP,423,,benign
39.155.175.72,202.5.121.58,TCP,1324,FIN,benign
99.18.102.96,115.252.219.110,HTTP,672,,benign
196.173.76.85,193.63.47.176,UDP,754,,benign
223.168.34.28,227.220.95.34,ICMP,120,,benign
204.196.197.137,173.32.196.203,HTTPS,1349,,benign
178.220.26.165,169.44.184.144,UDP,82,,benign
207.76.188.243,133.164.209.160,ICMP,113,,benign
110.237.10.255,146.20.79.106,TCP,328,RST,benign
211.73.184.152,250.32.229.86,HTTPS,1362,,benign
153.101.153.112,9.205.207.7,TCP,753,PSH,benign
2.218.132.220,77.115.253.81,ICMP,83,,benign
113.207.233.198,26.46.205.192,TCP,585,SYN,benign
251.30.99.87,209.105.207.237,UDP,524,,benign
66.155.226.24,73.235.142.3,TCP,91,SYN,benign
203.178.211.161,94.178.62.234,ICMP,113,,benign
181.221.194.79,105.9.83.188,ICMP,121,,benign
36.251.113.246,126.133.104.240,TCP,1441,ACK,benign
87.211.140.138,192.6.160.250,TCP,870,SYN,benign
94.220.185.123,196.66.237.194,TCP,677,FIN,benign
6.214.31.9,239.127.99.156,ICMP,121,,benign
46.151.62.72,186.129.39.54,TCP,1085,PSH,benign
10.32.210.94,240.83.238.89,TCP,1199,ACK,benign
176.20.132.27,23.92.226.76,UDP,270,,benign
52.109.55.160,91.203.185.76,UDP,988,,benign
133.17.146.236,117.172.182.24,TCP,654,FIN,benign
58.78.184.28,116.207.47.140,HTTPS,624,,benign
113.52.95.142,67.42.226.139,HTTP,989,,benign
112.125.216.94,91.177.165.47,HTTPS,596,,benign
135.59.192.41,46.26.188.206,HTTPS,811,,benign
51.119.209.58,136.34.136.72,HTTPS,1351,,malicious
210.117.121.199,147.118.163.38,HTTP,787,,benign
252.160.196.100,185.31.106.89,UDP,745,,benign
141.35.163.242,14.125.89.103,UDP,294,,benign
14.100.110.228,67.88.117.210,TCP,811,SYN,benign
227.244.229.126,153.189.230.78,UDP,990,,benign
190.2.232.33,230.223.50.152,TCP,712,RST,benign
129.210.206.98,164.47.51.130,HTTP,581,,benign
216.49.15.36,162.228.16.17,TCP,579,SYN,benign
107.172.214.41,34.18.72.26,UDP,98,,benign
89.115.147.162,32.0.2.40,UDP,1130,,benign
123.192.198.70,14.41.183.137,HTTPS,1241,,benign
152.19.147.145,205.44.237.78,HTTPS,628,,benign
78.59.247.194,212.198.81.228,TCP,1022,ACK,benign
238.253.15.194,158.119.75.188,HTTP,642,,benign
179.36.118.31,57.211.247.143,UDP,132,,benign
102.106.20.41,123.8.13.112,ICMP,70,,benign
74.128.46.106,14.113.143.187,TCP,697,FIN,benign
206.116.223.56,156.120.209.194,UDP,1035,,malicious
131.199.234.51,232.225.70.219,TCP,847,RST,benign
36.69.245.244,249.17.204.90,UDP,944,,benign
213.1.94.72,174.191.75.157,TCP,764,ACK,benign
47.126.225.233,168.104.180.213,TCP,928,SYN,benign
14.7.190.42,66.110.87.196,UDP,105,,benign
245.117.97.23,25.188.72.195,UDP,91,,benign
63.222.42.80,242.112.169.223,UDP,1266,,benign
50.242.19.61,219.164.214.162,HTTP,853,,benign
218.27.188.187,10.140.229.197,UDP,130,,benign
205.236.16.109,78.61.46.105,UDP,131,,benign
182.163.149.34,30.32.134.198,TCP,1352,FIN,benign
190.78.214.251,181.78.27.83,TCP,355,ACK,benign
167.177.217.228,147.241.104.207,TCP,269,PSH,benign
220.90.34.250,251.66.46.174,TCP,269,SYN,benign
132.219.223.26,83.247.158.114,TCP,1286,ACK,benign
241.28.146.106,249.26.36.6,TCP,1207,RST,benign
149.246.59.68,69.247.203.150,HTTP,1285,,benign
230.174.175.150,37.187.255.151,HTTP,992,,benign
152.100.51.60,218.93.220.212,TCP,116,PSH,benign
123.116.224.170,196.21.91.11,TCP,843,SYN,benign
39.129.35.192,31.101.24.21,UDP,1002,,benign
102.80.90.180,231.65.194.228,TCP,1364,SYN,benign
224.249.120.90,147.72.56.233,HTTPS,1359,,benign
172.60.218.164,74.191.14.32,HTTPS,991,,benign
250.43.187.172,106.204.47.148,UDP,125,,benign
125.109.204.0,58.184.251.244,TCP,1068,FIN,malicious
40.235.27.28,118.19.94.188,TCP,1168,SYN,benign
114.12.213.182,126.95.245.94,TCP,92,ACK,benign
40.222.5.134,121.233.24.97,TCP,1023,PSH,benign
185.141.19.193,83.50.255.183,HTTP,539,,benign
126.206.108.146,57.48.42.167,UDP,957,,benign
189.181.53.249,175.27.247.89,UDP,278,,benign
58.171.113.234,219.83.74.252,ICMP,124,,benign
21.161.66.203,72.121.4.202,HTTPS,738,,benign
13.150.240.215,212.151.84.176,UDP,333,,benign
72.155.221.243,64.37.26.149,UDP,1009,,benign
246.3.170.141,252.224.191.213,TCP,701,SYN,benign
150.240.202.207,92.73.200.161,HTTPS,1231,,benign
52.27.236.27,230.252.58.21,TCP,1243,ACK,benign
69.146.11.233,157.40.84.191,TCP,1442,SYN,benign
17.207.214.166,147.176.160.178,TCP,1236,PSH,benign
53.252.100.78,186.92.0.163,TCP,820,FIN,benign
135.87.175.28,68.62.252.168,TCP,489,ACK,benign
32.207.68.151,96.213.120.157,HTTP,1000,,benign
107.255.247.226,199.63.76.101,TCP,1386,ACK,benign
14.114.199.245,28.212.200.137,UDP,1170,,malicious
74.110.166.179,4.212.25.87,HTTPS,919,,benign
4.130.87.168,203.182.175.216,TCP,624,ACK,benign
180.231.125.237,87.128.38.156,TCP,250,FIN,benign
79.18.88.53,217.244.89.37,HTTP,759,,benign
118.159.183.165,182.243.200.253,HTTP,730,,benign
93.5.38.55,125.78.55.252,TCP,1300,ACK,benign
203.51.28.160,118.10.166.5,TCP,517,SYN,benign
117.243.35.151,91.91.195.105,UDP,719,,benign
230.159.25.119,198.27.112.172,UDP,672,,benign
46.111.1.228,42.147.42.185,UDP,868,,benign
248.124.186.216,84.15.146.224,UDP,1172,,benign
221.233.16.244,29.254.134.5,TCP,693,FIN,benign
199.97.130.250,107.77.252.6,TCP,378,SYN,benign
251.86.0.47,26.138.243.245,HTTP,1311,,benign
122.118.80.41,140.53.202.16,HTTPS,1332,,benign
8.64.220.210,194.231.140.104,TCP,1074,SYN,benign
96.154.16.224,9.156.137.195,TCP,236,ACK,benign
54.214.92.134,101.249.110.68,TCP,777,SYN,benign
182.30.117.73,196.51.96.143,TCP,754,PSH,benign
43.220.44.85,199.6.80.89,HTTP,1167,,malicious
72.231.241.4,65.46.16.19,UDP,867,,benign
211.169.246.44,217.221.75.244,TCP,787,SYN,benign
25.167.126.137,6.200.199.143,TCP,1080,RST,benign
186.181.61.142,134.11.249.199,HTTP,1237,,benign
4.107.77.254,117.56.201.26,TCP,711,FIN,benign
206.150.16.91,193.207.106.115,UDP,240,,benign
35.158.125.85,231.95.83.45,UDP,948,,benign
124.44.35.1,97.103.75.114,HTTP,1286,,benign
38.21.127.111,220.49.202.66,TCP,569,FIN,benign
20.232.3.30,195.184.89.20,UDP,915,,benign
243.220.135.190,193.242.14.144,UDP,1411,,malicious
86.0.154.254,52.51.224.98,HTTP,721,,benign
141.152.207.6,243.211.252.173,UDP,87,,benign
77.174.32.204,212.13.103.160,TCP,1019,ACK,benign
67.47.56.21,27.195.122.216,TCP,1378,PSH,benign
77.35.201.225,147.53.25.232,ICMP,90,,benign
139.48.17.37,212.159.125.50,HTTP,1486,,benign
122.47.148.31,43.167.15.219,ICMP,74,,benign
11.31.58.157,93.145.26.78,UDP,1311,,benign
117.224.233.17,20.153.62.131,UDP,1298,,benign
39.85.217.31,97.79.6.24,TCP,391,ACK,benign
67.89.79.78,176.216.10.107,TCP,1477,FIN,malicious
193.70.66.185,190.250.146.153,ICMP,69,,benign
89.181.26.216,220.55.173.113,HTTP,734,,benign
170.232.9.177,15.45.148.107,TCP,173,FIN,benign
231.140.172.246,188.208.224.207,UDP,163,,benign
139.89.44.209,160.220.161.0,ICMP,103,,benign
205.11.253.159,255.185.25.97,ICMP,64,,benign
84.195.229.36,158.145.72.135,HTTPS,1057,,benign
17.222.49.132,243.138.158.3,UDP,1483,,benign
245.142.9.241,63.116.125.223,TCP,65,FIN,benign
42.70.17.170,9.50.41.215,UDP,84,,benign
246.112.185.132,182.115.118.18,TCP,352,ACK,benign
109.177.155.184,38.144.106.28,TCP,1468,ACK,benign
92.157.210.100,110.225.193.57,UDP,911,,benign
90.153.31.83,124.118.196.136,HTTPS,948,,benign
172.245.216.109,198.1.61.209,TCP,470,SYN,benign
107.40.215.94,78.172.137.247,HTTP,974,,benign
249.127.10.220,129.48.10.197,ICMP,66,,benign
190.81.122.120,28.171.10.242,TCP,896,RST,benign
248.252.20.74,77.217.142.55,HTTPS,962,,benign
54.42.118.253,108.144.147.158,TCP,1017,SYN,benign
42.163.117.92,27.3.132.30,UDP,1063,,benign
199.187.41.30,212.71.19.206,TCP,1351,RST,malicious
244.103.183.141,95.71.92.200,UDP,1352,,benign
245.251.154.185,51.107.107.106,TCP,786,FIN,benign
234.8.79.82,86.215.73.231,UDP,908,,benign
40.97.63.182,86.59.33.152,TCP,224,FIN,benign
100.93.41.202,140.93.254.146,ICMP,118,,benign
173.19.34.64,73.204.171.50,TCP,1038,RST,benign
47.154.138.52,223.177.120.92,HTTPS,1087,,malicious
192.19.120.193,187.28.206.211,TCP,87,SYN,benign
167.42.229.202,69.12.251.254,TCP,1435,RST,benign
169.245.191.196,204.115.134.142,HTTP,1236,,benign
44.170.14.185,59.128.160.139,ICMP,126,,benign
166.100.95.14,151.151.108.77,TCP,977,SYN,benign
250.210.181.238,166.245.51.94,TCP,85,PSH,benign
182.255.178.96,192.173.73.52,HTTPS,773,,benign
173.214.222.48,167.47.184.97,HTTPS,1471,,benign
157.175.93.26,172.194.207.42,TCP,878,FIN,benign
111.184.136.19,81.33.26.191,UDP,1109,,malicious
105.66.210.147,21.72.9.101,TCP,243,RST,benign
44.65.91.55,168.213.105.184,UDP,1127,,benign
33.255.27.236,67.113.85.252,UDP,863,,benign
2.4.231.194,133.102.212.162,UDP,1369,,benign
136.126.214.125,164.116.159.157,UDP,1179,,benign
243.19.87.110,71.210.162.6,HTTPS,643,,benign
83.24.153.32,148.247.238.176,TCP,706,FIN,benign
42.125.29.35,122.17.110.182,TCP,1170,RST,malicious
51.47.37.34,39.229.202.195,HTTP,1358,,benign
107.127.149.135,255.61.42.23,HTTP,887,,benign
133.97.200.6,127.214.209.159,TCP,1037,RST,benign
250.183.228.15,182.230.7.193,TCP,1135,ACK,benign
135.47.153.120,135.27.147.19,ICMP,110,,benign
61.139.137.27,98.197.14.2,TCP,530,ACK,benign
60.15.35.54,211.121.116.55,TCP,478,ACK,benign
17.23.111.4,181.80.223.80,TCP,125,PSH,benign
233.58.197.169,54.220.118.240,UDP,1207,,benign
180.1.204.162,99.161.168.146,UDP,467,,benign
154.197.214.37,241.14.64.78,TCP,619,ACK,benign
164.224.58.252,230.22.185.89,TCP,373,ACK,benign
238.198.108.189,202.119.151.100,UDP,1141,,benign
225.107.162.151,177.86.182.86,HTTP,1207,,benign
254.152.3.126,78.112.38.122,UDP,589,,benign
69.160.99.168,127.246.72.229,TCP,1387,FIN,benign
37.11.93.120,217.71.133.181,UDP,608,,benign
233.22.252.179,241.34.174.20,TCP,767,RST,benign
223.182.233.107,88.166.12.215,TCP,934,RST,benign
170.214.189.148,151.168.174.193,HTTPS,1275,,benign
218.130.106.96,252.38.63.219,UDP,1224,,benign
8.74.173.191,209.99.244.4,TCP,219,FIN,benign
16.165.46.117,39.30.37.145,ICMP,107,,benign
96.106.160.94,34.199.1.190,ICMP,73,,benign
52.196.99.126,158.40.174.146,UDP,1061,,benign
166.184.181.122,22.234.162.129,ICMP,96,,benign
110.254.55.54,132.254.76.11,UDP,951,,benign
216.102.102.213,100.250.2.191,ICMP,107,,benign
118.212.55.201,123.202.119.31,UDP,1494,,benign
88.117.31.149,25.17.163.194,TCP,941,SYN,benign
157.68.216.222,184.231.217.65,TCP,757,RST,benign
22.80.134.70,148.142.170.195,HTTP,594,,benign
96.62.226.66,18.8.76.167,UDP,883,,benign
81.196.145.213,126.91.248.71,UDP,246,,benign
226.15.42.66,6.225.107.68,UDP,1383,,benign
206.12.222.250,21.245.179.169,UDP,311,,benign
210.74.201.227,10.21.151.122,TCP,721,ACK,benign
122.108.64.46,79.22.219.78,UDP,193,,benign
171.200.168.219,206.114.65.190,TCP,100,SYN,benign
47.199.167.195,43.226.210.52,HTTP,1113,,benign
161.99.126.66,93.60.27.168,HTTP,558,,benign
61.221.114.74,133.48.109.146,TCP,1291,FIN,benign
110.86.218.241,246.9.28.39,UDP,788,,benign
34.29.29.236,210.169.53.121,HTTP,532,,benign
225.20.53.176,189.80.43.114,ICMP,126,,benign
105.179.35.161,54.150.227.91,HTTP,1485,,benign
106.213.74.41,67.204.64.224,TCP,775,SYN,benign
199.31.8.74,72.37.86.140,HTTPS,1215,,malicious
174.15.255.26,85.57.74.102,UDP,173,,benign
251.140.186.193,78.17.87.229,TCP,949,FIN,benign
71.134.53.83,28.68.34.208,TCP,1099,ACK,benign
57.113.63.214,81.231.69.126,TCP,812,ACK,benign
217.255.234.69,237.139.171.164,UDP,1051,,malicious
177.8.94.30,31.121.170.108,UDP,1159,,benign
247.164.137.73,194.157.246.247,TCP,249,PSH,benign
114.185.188.123,41.102.34.126,TCP,1279,SYN,benign
79.12.148.251,113.213.148.71,TCP,313,RST,benign
72.233.171.140,110.167.129.248,TCP,1416,PSH,benign
115.161.171.27,147.140.177.249,UDP,1373,,benign
52.29.131.222,117.35.163.38,ICMP,98,,benign
112.168.99.179,54.150.92.83,ICMP,120,,benign
44.177.255.232,223.174.111.200,TCP,1484,FIN,benign
166.228.54.105,73.225.20.126,TCP,332,PSH,benign
49.195.25.10,238.90.114.145,UDP,1036,,benign
84.32.29.202,46.108.46.110,TCP,751,SYN,benign
172.55.244.80,21.106.183.185,ICMP,86,,benign
221.64.246.148,221.253.126.135,TCP,664,ACK,benign
95.3.115.63,238.198.25.144,HTTPS,1421,,benign
130.143.146.214,77.55.199.179,TCP,1253,ACK,benign
42.1.245.68,176.157.67.160,TCP,1424,ACK,malicious
22.8.121.253,94.26.75.14,TCP,1123,ACK,benign
139.168.61.127,137.154.239.56,UDP,552,,benign
78.245.134.51,133.131.224.86,TCP,147,RST,benign
48.34.84.159,48.219.49.225,TCP,1154,FIN,benign
143.202.110.39,40.221.1.184,TCP,897,FIN,benign
132.104.110.43,43.155.141.17,HTTPS,640,,benign
162.19.254.197,12.247.129.251,UDP,1190,,benign
44.86.127.245,124.7.139.197,HTTPS,1439,,benign
90.12.207.197,185.7.114.249,TCP,141,ACK,benign
14.214.106.195,248.5.117.63,UDP,143,,benign
155.187.174.211,33.25.22.242,TCP,1112,ACK,malicious
22.55.27.72,70.66.213.57,UDP,206,,benign
241.185.194.239,165.77.18.134,TCP,543,SYN,benign
249.56.80.35,85.132.89.16,UDP,559,,benign
50.28.193.100,86.139.234.116,TCP,128,SYN,benign
164.218.50.168,95.9.198.221,UDP,928,,benign
55.245.45.78,212.13.252.49,TCP,365,ACK,benign
226.90.192.112,86.158.65.126,ICMP,91,,benign
149.168.39.148,246.230.120.77,TCP,151,PSH,benign
139.194.32.89,239.190.35.251,TCP,1009,FIN,benign
108.21.158.99,163.214.192.117,TCP,1247,PSH,benign
167.34.68.66,227.145.247.14,UDP,1354,,benign
90.12.155.208,241.35.208.44,TCP,220,PSH,benign
47.245.96.244,83.7.178.25,TCP,688,PSH,benign
55.159.126.95,142.94.185.44,TCP,318,SYN,benign
46.241.201.219,2.53.125.243,TCP,470,FIN,benign
187.179.0.25,200.220.136.62,UDP,405,,benign
212.171.95.225,230.248.87.19,TCP,779,ACK,benign
162.236.160.82,145.184.85.198,UDP,1309,,benign
232.168.68.124,53.46.216.215,TCP,657,RST,benign
204.95.137.32,40.147.112.218,ICMP,106,,benign
135.126.41.91,238.191.148.71,UDP,193,,benign
63.1.194.1,6.253.138.232,HTTP,1059,,benign
230.144.34.109,242.79.148.67,HTTP,516,,benign
147.53.153.126,200.135.128.42,TCP,310,FIN,benign
239.230.119.146,183.96.226.185,UDP,887,,benign
39.166.73.58,248.226.35.231,TCP,107,RST,benign
155.58.144.166,247.151.78.167,TCP,1011,ACK,malicious
155.189.11.174,144.126.89.45,HTTP,966,,benign
91.109.99.9,234.90.2.173,UDP,110,,benign
53.3.35.189,137.224.152.207,TCP,356,FIN,benign
14.199.227.2,187.49.116.134,TCP,1146,RST,benign
26.148.112.181,19.54.232.176,UDP,1022,,malicious
249.141.201.126,229.76.151.39,ICMP,110,,benign
163.188.244.10,155.202.36.83,UDP,644,,benign
75.13.236.198,95.168.195.12,HTTPS,1466,,benign
247.204.144.196,133.127.45.181,UDP,1445,,malicious
225.50.80.199,185.211.234.76,UDP,282,,benign
252.31.189.225,54.216.128.44,TCP,471,ACK,benign
88.75.25.175,200.245.195.239,TCP,340,ACK,benign
54.117.213.47,234.123.28.79,TCP,530,ACK,benign
34.128.213.23,93.255.127.124,TCP,567,SYN,benign
132.236.101.170,33.120.212.98,TCP,1070,RST,malicious
70.242.176.210,252.243.30.102,HTTP,1104,,benign
97.165.47.200,203.7.99.230,ICMP,93,,benign
216.47.177.251,6.17.189.209,HTTP,1043,,malicious
191.65.249.196,16.174.86.78,TCP,707,SYN,benign
118.204.125.99,49.16.114.190,TCP,982,RST,benign
254.24.131.232,11.231.194.2,UDP,120,,benign
110.88.106.10,73.201.85.65,HTTPS,1430,,benign
97.164.62.82,180.8.133.164,ICMP,98,,benign
124.58.94.206,101.98.183.36,HTTP,907,,benign
48.133.125.62,189.157.179.121,TCP,1052,RST,benign
125.100.237.120,146.140.119.26,ICMP,65,,benign
53.33.4.109,214.107.130.25,UDP,352,,benign
110.166.93.0,206.187.231.177,UDP,697,,benign
154.173.91.202,163.251.68.50,UDP,1129,,benign
82.45.23.235,178.110.91.173,UDP,646,,benign
48.111.204.31,220.217.142.180,HTTPS,1176,,benign
193.158.238.124,54.46.4.110,TCP,1489,SYN,benign
69.198.72.163,63.104.72.29,HTTP,566,,benign
96.193.209.235,244.22.247.12,ICMP,116,,benign
115.97.95.115,35.72.94.121,UDP,1157,,benign
188.63.51.206,90.225.137.174,HTTP,705,,benign
248.145.250.240,219.234.251.251,UDP,321,,benign
115.183.159.165,93.184.63.165,ICMP,111,,benign
154.132.35.178,212.41.196.49,TCP,695,SYN,benign
21.58.187.118,146.238.153.245,TCP,298,PSH,benign
183.143.31.130,63.38.232.204,UDP,710,,benign
193.212.122.63,140.57.252.189,ICMP,114,,benign
36.205.26.74,230.212.215.91,ICMP,99,,benign
169.119.228.145,250.217.183.60,UDP,1126,,malicious
161.65.211.19,159.14.214.103,TCP,330,FIN,benign
195.153.72.15,50.252.55.28,UDP,733,,benign
231.254.226.157,46.94.14.103,TCP,1225,PSH,benign
197.22.185.195,150.217.167.51,UDP,1494,,malicious
145.200.9.190,237.79.107.92,ICMP,89,,benign
102.131.109.232,13.80.27.130,TCP,781,FIN,benign
160.11.69.83,88.167.47.49,HTTP,1340,,benign
249.114.11.155,71.120.130.4,UDP,372,,benign
60.162.174.21,198.161.13.81,TCP,493,FIN,benign
77.63.26.246,103.102.138.157,TCP,749,SYN,benign
198.136.248.71,240.56.146.190,ICMP,81,,benign
173.143.216.92,48.157.239.6,HTTPS,1373,,benign
254.82.252.247,154.180.110.254,TCP,693,RST,benign
99.16.22.53,247.206.17.180,TCP,357,SYN,benign
23.175.237.119,101.33.152.50,ICMP,112,,benign
18.36.69.207,246.205.83.128,ICMP,115,,benign
107.116.110.0,78.115.199.5,TCP,203,FIN,benign
158.153.230.252,35.115.190.175,ICMP,68,,benign
245.33.109.146,170.48.80.213,ICMP,124,,benign
167.41.11.91,18.106.199.39,ICMP,68,,benign
226.40.44.180,220.91.131.15,TCP,205,ACK,benign
122.109.242.167,197.130.230.232,UDP,543,,benign
21.54.17.38,215.113.106.56,HTTPS,935,,benign
218.151.47.157,84.208.16.196,UDP,725,,benign
245.184.187.161,105.77.238.19,ICMP,119,,benign
81.137.187.9,142.9.119.207,UDP,393,,benign
200.150.245.253,15.72.25.58,TCP,909,PSH,benign
1.167.97.23,5.123.229.27,TCP,1061,RST,benign
111.71.142.31,62.171.220.244,TCP,1402,PSH,benign
74.44.105.32,213.180.194.115,UDP,1401,,malicious
247.21.58.195,181.166.198.63,TCP,867,SYN,benign
246.49.166.11,39.39.87.23,TCP,564,ACK,benign
116.237.77.94,61.44.4.20,TCP,941,PSH,benign
51.131.207.82,94.110.238.232,TCP,711,ACK,benign
63.242.173.86,48.69.37.109,UDP,607,,benign
155.133.85.41,237.91.101.34,HTTPS,639,,benign
195.90.138.16,238.85.175.155,HTTP,954,,benign
43.63.97.22,254.157.93.206,HTTPS,795,,benign
108.73.22.240,63.162.159.240,TCP,258,SYN,benign
57.142.166.106,242.166.17.183,UDP,344,,benign
198.196.236.10,73.125.11.216,HTTPS,631,,benign
57.208.244.25,140.162.184.111,HTTP,619,,benign
182.254.68.49,25.40.74.159,HTTPS,803,,benign
21.184.216.85,84.194.143.228,TCP,201,RST,benign
35.48.177.40,161.179.156.189,UDP,93,,benign
251.230.128.164,131.146.159.48,HTTP,822,,benign
184.28.218.115,158.161.205.174,UDP,646,,benign
47.166.96.117,131.30.108.136,TCP,1468,ACK,benign
244.214.169.9,144.174.112.136,HTTPS,1500,,benign
142.165.133.139,178.108.80.136,HTTPS,951,,benign
201.20.17.172,171.8.61.120,TCP,113,RST,benign
144.126.216.241,158.16.247.125,HTTP,1127,,benign
84.206.0.218,169.51.84.45,UDP,562,,benign
41.249.32.1,71.38.199.155,TCP,783,PSH,benign
42.177.36.103,44.35.163.104,HTTP,734,,benign
177.170.248.61,174.240.137.242,HTTP,1318,,benign
75.17.21.155,86.225.10.26,UDP,856,,benign
56.89.177.121,153.232.212.26,ICMP,94,,benign
108.146.197.220,177.36.140.143,UDP,809,,benign
19.181.93.230,216.199.81.176,TCP,760,ACK,benign
171.185.21.8,75.1.184.60,TCP,1258,FIN,benign
77.33.186.73,6.64.244.231,HTTPS,954,,benign
194.107.212.57,192.154.98.68,TCP,1127,ACK,benign
225.99.32.182,146.221.244.52,TCP,845,SYN,benign
201.90.90.99,78.145.161.162,UDP,1446,,malicious
191.14.111.153,217.145.186.229,ICMP,96,,benign
221.109.225.204,225.175.7.26,HTTP,942,,benign
206.45.198.92,216.183.170.126,UDP,245,,benign
206.224.135.233,191.166.186.90,TCP,181,PSH,benign
247.181.74.249,120.142.111.132,TCP,685,ACK,benign
73.96.106.141,217.64.128.225,TCP,176,PSH,benign
196.170.7.111,162.73.44.124,UDP,197,,benign
67.40.92.13,36.99.234.77,TCP,1455,ACK,malicious
163.172.201.209,91.58.220.161,ICMP,103,,benign
19.49.159.109,255.218.113.156,TCP,1163,RST,benign
76.246.20.219,27.204.74.75,HTTPS,1280,,benign
191.79.19.50,15.135.73.246,TCP,775,RST,benign
169.255.89.68,71.213.31.176,TCP,236,ACK,benign
22.205.105.152,121.116.29.42,TCP,1037,PSH,benign
182.131.249.22,30.102.193.151,HTTPS,1093,,benign
230.169.128.175,107.197.156.76,TCP,1490,SYN,benign
179.142.96.164,180.41.225.186,ICMP,119,,benign
99.232.50.249,186.47.176.96,TCP,108,FIN,benign
68.215.79.246,171.14.218.83,UDP,1111,,benign
105.19.174.209,65.48.56.153,HTTP,1475,,benign
135.198.204.219,162.171.202.77,UDP,183,,benign
235.84.24.144,22.170.220.75,TCP,1059,PSH,benign
230.223.244.220,183.97.42.147,TCP,101,RST,benign
131.223.170.176,40.191.123.4,TCP,1103,ACK,benign
70.81.243.243,201.88.170.110,HTTP,619,,benign
24.213.187.164,188.221.18.50,UDP,955,,benign
128.4.125.76,47.27.152.241,UDP,155,,benign
175.73.180.167,36.218.66.109,ICMP,110,,benign
199.213.0.17,194.161.88.238,UDP,428,,benign
127.37.223.67,48.153.131.230,UDP,515,,benign
96.183.120.235,118.187.90.195,HTTPS,1183,,benign
237.241.84.199,30.17.10.249,HTTP,859,,benign
34.129.199.168,30.119.69.39,TCP,456,ACK,benign
88.32.1.33,92.15.228.196,HTTPS,513,,benign
187.12.137.194,121.225.185.181,ICMP,104,,benign
54.207.191.69,87.125.245.204,ICMP,110,,benign
41.218.98.208,191.9.77.191,TCP,637,ACK,benign
139.55.95.77,67.7.233.181,ICMP,77,,benign
190.235.201.82,180.205.206.140,TCP,179,ACK,benign
7.174.140.176,111.50.180.85,TCP,1150,ACK,benign
201.36.170.95,218.27.91.95,UDP,590,,benign
40.44.241.126,242.203.163.108,TCP,1417,SYN,malicious
191.174.77.107,107.184.138.101,TCP,265,PSH,benign
54.146.181.136,14.48.74.152,UDP,609,,benign
253.106.112.94,5.82.34.183,TCP,562,FIN,benign
55.115.117.150,213.13.47.244,TCP,1387,ACK,benign
25.171.138.24,214.0.65.248,UDP,1397,,benign
63.222.92.254,167.10.203.77,TCP,1413,RST,benign
195.34.26.233,254.123.165.201,UDP,289,,benign
211.101.177.69,32.153.235.44,TCP,1311,RST,benign
123.166.226.171,124.12.13.230,UDP,1416,,benign
253.145.217.14,26.100.194.185,TCP,427,ACK,benign
184.88.4.158,243.249.79.246,TCP,505,ACK,benign
73.178.207.13,146.137.61.176,HTTPS,1259,,malicious
44.130.122.229,152.224.158.125,UDP,277,,benign
156.201.159.72,89.145.206.75,UDP,224,,benign
165.142.86.254,253.226.91.242,HTTP,1347,,malicious
218.93.30.252,24.220.56.215,UDP,508,,benign
106.227.57.97,216.0.104.139,ICMP,102,,benign
48.9.46.164,155.248.133.172,HTTPS,1201,,benign
246.15.223.223,227.89.96.41,UDP,1086,,benign
138.16.114.66,208.98.211.222,UDP,390,,benign
115.65.188.7,222.81.152.195,TCP,90,FIN,benign
249.134.15.125,217.38.203.149,HTTPS,929,,benign
108.40.120.18,217.190.91.59,TCP,387,FIN,benign
45.253.181.225,147.68.134.214,HTTPS,592,,benign
246.27.84.225,244.95.239.254,TCP,218,FIN,benign
136.36.25.97,165.33.34.141,UDP,228,,benign
22.77.143.14,41.59.225.43,UDP,159,,benign
51.253.37.184,28.163.10.101,TCP,331,SYN,benign
5.223.188.165,81.202.67.170,TCP,423,ACK,benign
18.119.240.194,199.38.188.49,ICMP,93,,benign
248.29.134.191,39.155.160.90,TCP,1333,SYN,benign
213.19.106.128,143.87.8.30,UDP,419,,benign
151.206.101.168,244.141.61.66,TCP,845,FIN,benign
16.163.25.141,213.154.44.49,HTTPS,1150,,benign
230.94.137.192,126.251.92.107,HTTP,899,,benign
138.56.175.165,119.105.221.231,UDP,540,,benign
251.26.248.255,90.148.149.159,TCP,1126,RST,benign
242.190.25.158,141.232.78.34,ICMP,86,,benign
216.252.69.146,79.248.209.46,TCP,1265,SYN,benign
248.41.204.163,111.190.120.19,HTTP,529,,benign
123.72.130.23,145.27.171.129,UDP,641,,benign
187.31.1.70,51.104.146.72,UDP,1252,,malicious
80.109.4.41,239.201.171.246,UDP,700,,benign
172.175.212.25,61.117.197.2,UDP,1382,,benign
238.167.30.106,166.205.10.241,TCP,967,ACK,benign
203.95.53.222,38.130.174.156,TCP,1042,FIN,benign
205.214.222.52,157.2.59.42,TCP,247,PSH,benign
22.122.141.5,230.12.93.67,TCP,569,PSH,benign
221.187.175.222,116.96.144.173,ICMP,96,,benign
140.172.53.115,135.13.44.139,UDP,427,,benign
82.3.153.221,173.217.170.203,ICMP,72,,benign
190.119.10.7,82.19.8.91,TCP,1285,FIN,benign
200.255.113.207,118.105.96.180,HTTP,640,,benign
66.2.39.68,132.126.87.18,ICMP,104,,benign
197.2.86.45,64.77.40.241,UDP,1427,,benign
178.66.40.43,36.175.141.117,UDP,1273,,benign
203.235.216.109,169.211.42.70,TCP,886,FIN,benign
98.203.187.142,230.10.214.58,UDP,468,,benign
41.27.134.249,223.43.21.239,UDP,1330,,benign
24.7.216.141,71.48.124.60,TCP,1219,SYN,benign
203.116.192.118,46.222.187.94,UDP,534,,benign
191.111.25.232,193.227.64.13,TCP,832,FIN,benign
96.8.181.163,67.92.158.223,TCP,1285,FIN,malicious
24.119.35.2,193.123.86.27,UDP,560,,benign
240.171.111.92,254.117.142.24,ICMP,117,,benign
79.67.17.251,176.223.34.154,HTTP,667,,benign
230.73.101.119,151.240.207.76,UDP,849,,benign
108.115.74.175,175.129.33.138,TCP,791,ACK,benign
43.227.46.14,195.42.87.240,HTTP,781,,benign
190.204.80.162,60.246.111.212,HTTP,1222,,benign
63.115.72.93,255.191.148.189,UDP,1481,,benign
2.127.227.133,213.7.206.175,HTTPS,1313,,malicious
184.142.40.105,164.104.90.226,HTTPS,1494,,benign
40.176.88.239,62.251.63.75,ICMP,100,,benign
213.64.92.12,110.24.194.201,TCP,506,SYN,benign
218.106.6.115,82.156.24.79,UDP,154,,benign
169.50.175.227,224.38.186.149,TCP,268,ACK,benign
140.170.180.217,128.210.210.14,HTTPS,678,,benign
162.146.24.53,249.184.119.249,UDP,75,,benign
236.176.150.51,209.39.161.201,UDP,1340,,malicious
252.232.107.168,2.99.63.10,HTTP,1060,,benign
76.94.51.172,221.19.41.99,TCP,774,PSH,benign
8.85.65.102,64.58.184.177,HTTP,880,,benign
212.145.85.24,75.137.224.254,TCP,208,ACK,benign
164.221.53.217,156.92.87.220,UDP,1184,,benign
57.58.249.221,72.106.240.133,HTTPS,1392,,benign
142.101.122.251,213.155.62.204,UDP,392,,benign
89.179.20.216,218.55.11.75,UDP,1234,,benign
252.13.197.27,111.235.91.124,UDP,220,,benign
7.228.152.131,89.90.146.138,TCP,842,RST,benign
83.228.164.103,171.243.148.23,HTTPS,658,,benign
32.248.215.21,22.21.1.163,TCP,1163,SYN,benign
110.205.108.0,201.250.219.78,HTTP,1135,,benign
213.251.205.217,167.102.130.112,HTTPS,669,,benign
101.29.32.52,227.178.6.97,UDP,1270,,benign
84.166.183.211,142.8.105.77,ICMP,117,,benign
193.191.222.142,165.236.190.12,HTTP,1322,,benign
14.184.189.113,149.50.24.70,HTTP,666,,benign
167.225.16.137,220.224.184.224,UDP,511,,benign
172.153.38.172,40.1.48.243,UDP,1453,,malicious
127.210.62.23,216.26.143.145,TCP,435,RST,benign
116.74.77.27,177.93.205.204,UDP,354,,benign
210.12.155.237,182.5.168.153,TCP,1309,ACK,benign
146.197.57.12,196.206.162.56,UDP,277,,benign
201.164.37.230,208.177.68.43,TCP,778,ACK,benign
98.63.121.103,189.165.220.92,HTTP,731,,benign
77.242.162.89,87.3.153.14,TCP,926,ACK,benign
81.248.252.11,46.130.72.189,TCP,347,ACK,benign
237.205.242.8,205.137.157.19,TCP,1469,RST,benign
215.119.248.136,253.99.11.203,HTTP,980,,benign
198.169.233.177,172.216.245.124,UDP,246,,benign
87.150.234.44,117.183.207.146,UDP,370,,benign
42.181.186.83,122.139.108.169,UDP,1089,,benign
117.108.175.182,33.203.85.61,UDP,1386,,benign
71.89.202.223,241.198.49.54,TCP,666,ACK,benign
103.143.38.127,19.76.77.222,UDP,425,,benign
157.147.147.78,36.241.63.80,HTTP,1052,,benign
199.216.176.210,77.20.239.187,UDP,391,,benign
255.180.221.69,212.51.225.200,TCP,282,SYN,benign
153.245.28.15,188.98.50.164,TCP,1407,ACK,benign
150.46.132.127,194.233.1.32,TCP,324,PSH,benign
93.33.217.151,223.52.109.41,TCP,957,PSH,benign
96.97.55.88,166.98.193.71,ICMP,121,,benign
166.118.207.199,81.24.180.16,TCP,532,ACK,benign
57.78.133.173,135.235.188.216,UDP,1462,,benign
255.154.169.144,93.107.2.37,ICMP,124,,benign
118.98.225.209,192.113.205.8,UDP,96,,benign
110.247.124.107,75.175.94.218,HTTPS,1113,,benign
157.168.192.184,69.237.123.149,TCP,1281,ACK,benign
133.184.222.237,229.148.155.188,HTTP,811,,benign
163.169.75.193,4.86.211.13,ICMP,115,,benign
204.121.7.93,13.186.29.79,TCP,235,RST,benign
96.74.220.155,158.16.216.171,HTTPS,821,,benign
240.31.199.251,24.255.169.231,TCP,518,PSH,benign
230.246.11.119,80.67.15.212,TCP,1421,SYN,benign
66.122.221.138,113.0.43.238,TCP,550,ACK,benign
102.232.138.113,197.141.0.1,UDP,826,,benign
190.250.207.30,96.162.217.218,TCP,314,FIN,benign
128.124.149.111,168.132.110.105,UDP,527,,benign
235.55.19.106,229.69.90.11,TCP,981,FIN,benign
106.145.136.116,3.27.35.96,TCP,682,SYN,benign
142.210.224.103,35.206.10.90,ICMP,68,,benign
101.195.81.111,112.171.157.215,TCP,600,SYN,benign
222.5.15.86,215.85.60.42,UDP,172,,benign
123.173.119.200,113.91.181.3,HTTPS,952,,benign
200.96.127.194,137.109.224.131,UDP,159,,benign
75.87.32.90,120.47.23.166,HTTP,1190,,benign
69.69.146.22,91.55.119.207,TCP,263,FIN,benign
10.168.27.137,243.81.240.213,TCP,1402,ACK,benign
135.214.43.193,92.38.32.129,TCP,1466,PSH,malicious
186.101.63.200,50.162.90.52,ICMP,98,,benign
207.148.166.184,193.145.15.52,ICMP,95,,benign
104.67.99.14,107.76.23.198,TCP,1085,SYN,benign
70.234.92.237,194.180.205.151,HTTPS,1332,,malicious
216.157.227.96,112.97.117.62,TCP,833,PSH,benign
152.52.83.159,21.37.14.174,TCP,580,FIN,benign
186.137.148.201,124.15.113.37,TCP,912,PSH,benign
153.67.171.176,111.214.121.35,TCP,779,PSH,benign
98.98.60.83,223.181.74.63,UDP,280,,benign
57.220.3.60,136.169.82.173,TCP,96,PSH,benign
255.245.6.185,122.25.93.105,TCP,711,SYN,benign
24.168.92.122,141.234.187.42,TCP,1083,SYN,benign
67.85.249.86,86.181.55.95,UDP,732,,benign
154.19.226.53,123.53.174.70,HTTPS,1192,,benign
229.152.120.202,24.133.21.2,TCP,134,FIN,benign
51.145.229.177,153.21.111.109,HTTP,975,,benign
114.146.166.64,191.222.60.44,TCP,634,ACK,benign
114.86.218.77,162.195.43.120,TCP,1389,PSH,benign
230.226.185.176,36.57.100.146,TCP,420,RST,benign
75.216.201.208,14.151.9.167,TCP,121,PSH,benign
182.62.106.20,131.232.223.8,HTTP,1172,,benign
38.226.145.246,146.31.179.9,HTTP,614,,benign
212.238.149.55,115.142.35.203,HTTP,745,,benign
15.48.235.53,187.26.131.150,UDP,577,,benign
69.75.167.170,113.171.98.176,HTTP,785,,benign
160.86.146.225,73.38.188.136,UDP,1279,,benign
94.198.78.39,85.24.19.66,UDP,843,,benign
30.29.131.132,201.139.249.38,TCP,722,SYN,benign
155.77.141.8,237.250.250.144,HTTPS,1209,,benign
129.29.143.89,18.234.62.123,HTTP,963,,benign
230.106.145.25,97.212.201.229,HTTP,1252,,malicious
68.62.194.76,29.246.51.223,UDP,855,,benign
121.47.166.138,165.24.101.156,UDP,1423,,benign
246.191.147.130,252.254.12.86,TCP,385,FIN,benign
121.149.39.168,64.61.178.162,TCP,339,FIN,benign
104.104.147.108,171.12.192.45,ICMP,86,,benign
50.196.206.95,91.210.52.237,UDP,879,,benign
105.243.51.119,207.32.162.71,UDP,225,,benign
174.48.30.180,79.136.109.218,ICMP,114,,benign
112.253.209.157,115.124.156.253,TCP,732,FIN,benign
27.135.252.115,35.218.12.231,UDP,1302,,benign
38.142.118.27,141.119.38.172,HTTP,1495,,benign
134.75.190.30,87.41.239.81,HTTP,1176,,benign
29.108.41.126,144.89.252.211,TCP,341,RST,benign
126.141.128.53,195.122.78.208,TCP,1121,SYN,malicious
198.117.133.166,119.44.155.169,HTTPS,676,,benign
81.11.19.195,103.211.67.245,UDP,997,,benign
139.154.217.169,71.192.108.112,HTTP,1258,,benign
107.51.189.91,194.247.246.43,HTTPS,1197,,benign
16.172.77.158,201.48.231.27,HTTP,611,,benign
175.84.240.154,240.115.54.95,TCP,361,PSH,benign
252.113.113.94,132.66.168.212,UDP,190,,benign
117.136.141.41,105.230.33.0,UDP,1316,,malicious
189.174.183.1,249.110.203.220,TCP,331,RST,benign
140.160.228.209,88.170.21.113,UDP,159,,benign
71.154.159.177,219.141.169.142,TCP,1164,SYN,malicious
49.208.238.9,32.212.69.29,UDP,317,,benign
93.174.182.207,73.63.61.12,TCP,1112,RST,benign
245.2.211.79,1.108.190.203,UDP,448,,benign
245.132.46.26,62.100.133.24,TCP,1154,RST,benign
99.13.84.54,8.123.210.231,UDP,1490,,malicious
106.234.135.4,6.243.3.30,HTTPS,873,,benign
160.255.193.104,135.130.172.167,TCP,258,RST,benign
146.91.171.193,95.166.152.170,TCP,1361,SYN,benign
48.190.214.252,171.151.64.200,TCP,625,SYN,benign
253.163.117.161,21.47.96.244,TCP,561,RST,benign
222.136.245.188,21.137.142.224,TCP,535,SYN,benign
98.154.214.252,122.172.118.12,TCP,1490,FIN,benign
117.230.119.48,203.93.171.16,HTTPS,1445,,benign
254.235.47.90,19.106.119.96,HTTP,1323,,benign
208.51.180.132,17.239.128.180,TCP,337,SYN,benign
205.123.171.12,4.246.7.165,TCP,406,RST,benign
177.70.226.2,81.55.189.150,TCP,414,PSH,benign
65.125.250.27,159.249.209.210,ICMP,88,,benign
86.3.217.185,84.30.17.28,TCP,105,FIN,benign
120.165.175.113,205.217.134.118,UDP,535,,benign
84.44.68.209,5.44.166.142,HTTPS,1422,,malicious
176.254.235.2,37.43.234.88,HTTP,704,,benign
137.45.62.181,192.192.217.145,ICMP,118,,benign
2.33.155.110,200.55.98.84,UDP,466,,benign
190.186.140.91,216.78.72.63,TCP,226,ACK,benign
212.71.36.203,73.228.121.48,UDP,172,,benign
89.213.116.169,236.102.6.42,UDP,1457,,benign
129.152.124.211,43.36.162.164,HTTPS,1130,,benign
129.155.4.127,65.115.123.211,TCP,235,FIN,benign
160.50.164.213,85.41.48.129,UDP,725,,benign
91.182.54.127,84.113.228.221,TCP,244,FIN,benign
120.23.200.182,18.252.114.157,TCP,278,SYN,benign
15.207.50.67,83.59.113.215,TCP,893,SYN,benign
239.84.66.78,195.199.197.127,UDP,438,,benign
88.73.185.91,251.240.100.133,TCP,1498,FIN,benign
143.47.244.152,87.101.20.9,ICMP,102,,benign
252.102.246.27,197.53.84.105,TCP,854,PSH,benign
151.196.2.149,164.169.12.194,UDP,1285,,benign
253.68.215.160,222.234.252.82,TCP,83,RST,benign
209.56.64.199,167.189.231.90,ICMP,111,,benign
68.193.181.196,97.153.46.110,TCP,1171,ACK,benign
167.199.140.14,59.45.176.76,TCP,207,PSH,benign
218.192.243.158,21.115.184.152,UDP,1220,,malicious
201.142.107.26,104.208.250.184,UDP,1121,,benign
229.239.199.161,52.120.184.141,UDP,460,,benign
128.138.178.60,192.74.219.249,ICMP,118,,benign
232.157.92.125,223.125.11.123,TCP,646,SYN,benign
113.28.0.121,139.46.113.30,TCP,1334,ACK,benign
46.61.141.7,50.86.43.174,ICMP,122,,benign
182.250.186.199,99.254.101.157,HTTPS,967,,benign
212.209.157.63,181.247.23.150,TCP,632,ACK,benign
127.254.141.210,73.37.195.105,ICMP,109,,benign
235.232.215.37,144.53.23.214,TCP,540,PSH,benign
117.195.21.174,64.105.197.232,UDP,1357,,benign
110.89.108.61,27.17.244.227,TCP,427,FIN,benign
212.36.5.234,233.195.59.5,TCP,1267,RST,benign
